,PLAYER,TEAM,AGE,GP,W,L,MIN,"
            OFFRTG
          ","
            DEFRTG
          ","
            NETRTG
          ",AST%,AST/TO,"
            AST Ratio
          ",OREB%,DREB%,REB%,"
            TO Ratio
          ",eFG%,TS%,USG%,PACE,PIE,POSS
1,Adonal Foyle,ORL,33,82,52,30,9.4,99.1,99.6,-0.5,3.8,0.56,8.2,9.3,17.4,13.4,14.6,45.8,46.4,12.0,92.18,7.0,"1,481"
1,Al Jefferson,MIN,23,82,22,60,35.6,102.4,112.2,-9.8,7.5,0.70,6.2,10.5,22.7,16.3,8.8,50.0,53.5,27.3,92.85,14.7,"5,648"
1,Allen Iverson,DEN,33,82,50,32,41.8,109.7,104.7,5.1,27.1,2.39,21.4,1.3,5.4,3.4,9.0,48.8,56.7,26.3,100.90,13.6,"7,195"
1,Andray Blatche,WAS,21,82,43,39,20.4,102.0,108.2,-6.2,9.6,0.82,11.4,10.0,16.7,13.3,13.9,47.7,51.2,19.4,92.34,8.4,"3,202"
1,Andre Iguodala,PHI,24,82,40,42,39.5,104.3,104.1,0.2,20.7,1.83,18.6,2.7,11.9,7.2,10.2,49.5,54.3,23.6,91.54,13.3,"6,181"
1,Andre Miller,PHI,32,82,40,42,36.8,104.9,106.0,-1.1,31.8,2.74,27.2,3.2,8.1,5.6,9.9,49.4,53.7,22.6,91.45,13.0,"5,746"
1,Andres Nocioni,CHI,28,82,33,49,24.6,103.4,105.7,-2.3,8.3,0.71,7.9,2.3,14.7,8.4,11.0,50.4,54.9,24.1,95.99,9.2,"4,028"
1,Anthony Parker,TOR,33,82,41,41,32.1,109.5,106.0,3.5,10.7,2.10,15.9,2.0,11.2,6.7,7.5,55.7,58.0,17.2,91.90,9.3,"5,040"
1,Baron Davis,GSW,29,82,48,34,39.0,111.5,108.1,3.5,29.1,2.69,24.3,2.8,9.0,5.8,9.1,48.3,52.3,25.3,100.57,12.2,"6,701"
1,Boris Diaw,PHX,26,82,55,27,28.1,108.3,104.5,3.8,19.6,2.05,27.0,4.6,11.4,8.3,13.2,48.7,51.6,16.4,98.75,8.9,"4,739"
1,Carlos Delfino,TOR,25,82,41,41,23.5,105.5,105.2,0.3,11.7,1.93,15.7,3.5,16.2,9.8,8.1,49.2,52.7,18.4,92.98,9.1,"3,740"
1,DeShawn Stevenson,WAS,27,82,43,39,31.3,109.5,107.3,2.3,15.2,2.47,20.6,1.4,8.3,4.7,8.3,48.7,52.9,17.2,91.49,8.0,"4,888"
1,Derek Fisher,LAL,33,82,57,25,27.4,110.8,104.3,6.5,15.7,2.66,20.2,1.1,6.3,3.8,7.6,50.8,55.6,18.2,98.15,8.3,"4,609"
1,Deron Williams,UTA,24,82,54,28,37.3,113.2,106.0,7.2,42.7,3.09,35.4,1.3,7.3,4.4,11.5,54.4,59.5,22.9,95.15,14.6,"6,059"
1,Dwight Howard,ORL,22,82,52,30,37.7,112.5,105.0,7.5,5.9,0.42,6.3,9.8,27.8,19.2,15.0,59.9,61.9,23.9,95.37,15.5,"6,145"
1,Emeka Okafor,CHA,25,82,32,50,33.1,103.1,107.6,-4.4,4.4,0.43,5.6,9.7,23.6,16.7,13.0,53.5,55.3,19.9,93.45,12.0,"5,284"
1,Fabricio Oberto,SAS,33,82,56,26,20.0,101.7,100.4,1.2,9.0,1.86,20.3,9.8,18.1,13.9,10.9,60.8,61.5,10.6,91.32,9.4,"3,135"
1,Hedo Turkoglu,ORL,29,82,52,30,36.9,111.6,104.5,7.1,22.4,1.66,20.0,3.0,12.5,8.0,12.0,52.4,57.6,24.6,94.84,12.4,"5,992"
1,Jarrett Jack,POR,24,82,41,41,27.2,102.1,105.8,-3.7,24.0,1.76,25.9,1.4,9.1,5.3,14.7,48.3,55.8,18.7,90.63,10.4,"4,207"
1,Jarvis Hayes,DET,26,82,59,23,15.7,105.4,101.2,4.2,8.1,1.32,9.7,2.8,11.5,7.1,7.4,50.3,52.0,20.2,91.40,8.8,"2,447"
1,Jason Maxiell,DET,25,82,59,23,21.6,108.4,101.6,6.8,4.2,0.65,6.7,10.2,15.2,12.7,10.4,53.8,57.6,16.4,89.90,10.4,"3,302"
1,Jason Richardson,CHA,27,82,32,50,38.4,104.3,108.1,-3.9,14.9,1.55,12.7,2.6,11.8,7.2,8.1,52.4,55.4,25.6,93.30,11.9,"6,126"
1,Jason Terry,DAL,30,82,51,31,31.4,109.7,103.8,5.9,17.5,2.87,18.1,1.2,6.9,4.1,6.3,53.5,57.4,21.2,92.06,11.6,"4,952"
1,Joe Johnson,ATL,27,82,37,45,40.8,106.2,106.7,-0.5,25.1,2.13,20.2,2.6,8.8,5.7,9.5,48.9,53.5,25.3,92.05,12.1,"6,416"
1,Jordan Farmar,LAL,21,82,57,25,20.6,109.4,101.2,8.2,20.9,2.08,22.6,2.4,8.1,5.3,10.9,55.2,56.3,19.7,97.60,10.6,"3,435"
1,Jose Calderon,TOR,26,82,41,41,30.3,110.4,106.4,3.9,42.0,5.38,43.7,1.5,8.9,5.1,8.1,57.5,60.7,16.4,91.48,14.3,"4,730"
1,Juan Carlos Navarro,MEM,28,82,22,60,25.8,103.7,110.7,-7.1,13.2,1.32,15.5,1.6,8.6,5.0,11.7,50.4,54.0,19.8,98.21,7.8,"4,337"
1,Keith Bogans,ORL,28,82,52,30,26.8,109.8,103.3,6.5,7.1,1.96,13.1,2.0,9.8,6.1,6.7,53.6,55.9,14.1,95.40,7.1,"4,376"
1,Kobe Bryant,LAL,29,82,57,25,38.9,112.8,103.9,8.9,23.6,1.72,16.3,3.0,12.6,8.0,9.5,50.3,57.6,30.9,97.44,15.9,"6,488"
1,Kyle Lowry,MEM,22,82,22,60,25.5,102.1,106.3,-4.3,22.4,2.33,25.2,1.9,10.0,5.9,10.8,46.3,53.1,18.2,98.14,9.4,"4,265"
1,Leandro Barbosa,PHX,25,82,55,27,29.5,110.2,107.6,2.5,13.7,1.85,14.9,1.8,7.4,4.8,8.1,54.3,57.5,22.3,99.01,9.7,"4,993"
1,Luis Scola,HOU,28,82,55,27,24.7,104.9,100.3,4.6,8.8,1.01,10.7,8.5,17.3,12.9,10.6,51.5,54.8,19.5,92.45,11.2,"3,892"
1,Michael Finley,SAS,35,82,56,26,26.9,106.0,101.2,4.8,8.4,2.04,11.9,1.3,10.8,6.2,5.8,50.1,51.9,18.2,89.99,8.3,"4,143"
1,Mike Dunleavy,IND,27,82,36,46,36.0,105.9,105.0,0.9,15.8,1.52,16.3,1.9,12.1,7.0,10.8,55.0,60.5,21.4,99.72,12.0,"6,127"
1,Mikki Moore,SAC,32,82,38,44,29.1,106.1,107.8,-1.7,5.3,0.76,11.1,7.3,14.6,11.0,14.5,57.7,61.3,12.6,96.06,7.0,"4,762"
1,Nazr Mohammed,CHA,30,82,39,43,20.1,100.5,106.9,-6.4,7.4,0.71,9.3,11.8,18.2,15.0,13.1,51.5,53.3,19.0,93.67,9.5,"3,214"
1,Paul Millsap,UTA,23,82,54,28,20.8,108.5,101.5,7.0,7.4,0.93,10.5,10.3,18.1,14.2,11.3,50.4,54.8,17.7,95.08,10.4,"3,363"
1,Richard Jefferson,NJN,28,82,34,48,39.0,103.4,108.5,-5.1,14.6,1.27,12.1,3.0,8.2,5.6,9.6,49.5,57.1,25.7,93.85,11.2,"6,262"
1,Ricky Davis,MIA,28,82,15,67,36.1,98.4,108.9,-10.5,16.7,1.45,18.1,1.9,10.8,6.3,12.5,50.2,53.4,19.6,91.85,9.0,"5,673"
1,Ryan Gomes,MIN,25,82,22,60,29.7,104.0,109.6,-5.5,9.4,1.51,12.2,5.5,15.2,10.1,8.1,49.2,53.9,19.1,93.51,10.4,"4,742"
1,Samuel Dalembert,PHI,28,82,40,42,33.2,105.0,104.5,0.5,2.6,0.29,4.6,11.6,21.5,16.5,15.8,51.3,55.6,15.5,91.43,10.3,"5,181"
1,Tayshaun Prince,DET,28,82,59,23,32.9,110.7,100.7,10.0,16.5,2.95,19.1,4.3,11.5,7.8,6.5,47.6,51.6,19.9,88.20,11.3,"4,957"
1,Travis Outlaw,POR,23,82,41,41,26.7,104.4,106.4,-2.0,9.2,0.99,8.1,4.6,13.0,8.8,8.1,45.3,49.9,25.6,91.16,10.4,"4,139"
44,Al Harrington,GSW,28,81,48,33,27.0,110.3,107.0,3.2,8.9,1.47,10.7,4.5,15.6,9.8,7.3,51.7,54.7,20.9,100.57,9.3,"4,593"
44,Al Horford,ATL,22,81,37,44,31.4,104.6,106.9,-2.2,7.8,0.91,12.1,10.2,22.3,16.2,13.4,49.9,53.9,16.0,92.16,10.4,"4,874"
44,Bruce Bowen,SAS,37,81,56,25,30.2,104.6,100.2,4.5,5.5,1.98,15.2,1.5,8.6,5.1,7.7,51.2,52.7,9.8,89.85,4.6,"4,581"
44,Carlos Boozer,UTA,26,81,53,28,34.9,113.5,106.1,7.4,13.5,1.11,12.2,7.9,24.5,16.5,11.0,54.7,58.1,26.3,95.77,15.5,"5,642"
44,David Lee,NYK,25,81,22,59,29.1,103.7,108.8,-5.1,6.7,0.98,10.4,9.9,21.6,15.5,10.6,55.2,60.6,15.4,93.39,13.1,"4,579"
44,Jason Kapono,TOR,27,81,40,41,18.9,104.0,104.2,-0.2,6.8,1.12,10.2,2.1,6.1,4.1,9.1,54.5,56.1,16.9,93.85,6.5,"3,003"
44,John Salmons,SAC,28,81,37,44,31.1,103.5,108.6,-5.1,13.8,1.22,16.2,3.2,11.1,7.3,13.2,50.1,55.6,19.0,96.06,9.9,"5,030"
44,Josh Smith,ATL,22,81,37,44,35.5,104.4,104.7,-0.3,16.3,1.11,14.7,5.8,18.1,12.0,13.2,46.8,52.0,24.5,93.82,12.4,"5,606"
44,Kelenna Azubuike,GSW,24,81,48,33,21.4,107.7,107.6,0.1,6.3,1.29,9.6,5.6,12.2,8.8,7.4,50.5,53.4,16.9,100.90,8.3,"3,636"
44,Monta Ellis,GSW,22,81,48,33,37.9,110.9,107.9,3.0,15.4,1.82,16.6,4.1,8.7,6.3,9.1,53.6,58.0,21.6,100.86,11.7,"6,461"
44,Rashard Lewis,ORL,28,81,52,29,38.0,110.6,104.0,6.6,10.4,1.40,12.5,3.4,10.9,7.3,8.9,55.4,59.1,20.3,94.54,10.9,"6,066"
44,Reggie Evans,PHI,28,81,40,41,23.2,101.3,102.8,-1.5,5.1,0.60,10.2,11.9,22.8,17.1,16.9,44.1,46.3,13.6,90.83,7.4,"3,547"
44,Rudy Gay,MEM,21,81,21,60,37.0,103.8,111.9,-8.0,9.3,0.83,8.6,4.7,12.5,8.5,10.3,51.1,54.6,24.8,96.22,10.5,"6,010"
44,Steve Blake,POR,28,81,41,40,29.9,107.3,105.6,1.7,26.1,3.65,34.7,1.4,7.1,4.2,9.5,50.2,51.8,15.0,89.86,8.8,"4,535"
44,Steve Nash,PHX,34,81,55,26,34.3,116.3,106.9,9.4,44.7,3.04,40.1,1.2,8.6,5.3,13.2,59.7,64.1,21.3,98.53,15.0,"5,710"
59,Brendan Haywood,WAS,28,80,41,39,27.8,108.7,106.8,1.9,5.1,0.66,7.8,12.5,14.5,13.5,11.9,52.8,58.2,17.1,90.61,9.8,"4,207"
59,Chris Paul,NOH,23,80,55,25,37.6,113.3,105.3,8.0,50.0,4.60,35.8,2.1,9.2,5.6,7.8,52.4,57.6,25.1,92.10,18.2,"5,776"
59,Danny Granger,IND,25,80,34,46,35.9,104.6,107.0,-2.4,9.7,0.97,9.8,3.2,13.5,8.3,10.0,51.7,57.1,22.9,99.35,10.8,"5,946"
59,Darius Songaila,WAS,30,80,42,38,19.4,103.4,103.0,0.4,14.2,1.57,18.8,5.4,12.8,9.1,11.9,45.8,49.6,17.0,92.31,7.9,"2,993"
59,Jamal Crawford,NYK,28,80,23,57,39.9,104.6,110.0,-5.4,21.7,2.07,18.7,1.1,5.6,3.3,9.0,47.3,52.8,24.1,93.38,10.3,"6,201"
59,Jannero Pargo,NOH,28,80,54,26,18.7,105.2,103.0,2.2,21.1,2.06,19.8,1.8,7.4,4.5,9.6,43.9,46.8,23.7,91.34,7.8,"2,849"
59,Jason Kidd,DAL,35,80,39,41,36.3,105.9,105.7,0.2,42.4,3.03,41.6,3.3,17.8,10.5,13.7,46.0,49.9,17.2,94.19,14.2,"5,707"
59,Jeff Green,SEA,21,80,19,61,28.2,98.4,108.9,-10.5,8.2,0.75,10.5,4.4,12.0,8.2,14.0,44.1,49.1,19.2,98.23,6.2,"4,600"
59,Kevin Durant,SEA,19,80,19,61,34.6,98.9,110.1,-11.3,12.0,0.83,9.7,2.4,9.8,6.1,11.7,45.1,51.9,27.3,98.72,10.4,"5,688"
59,Lou Williams,PHI,21,80,39,41,23.3,103.7,103.4,0.3,23.6,2.02,20.1,2.2,7.1,4.6,10.0,46.1,52.3,23.6,94.21,11.1,"3,651"
59,Marvin Williams,ATL,22,80,35,45,34.6,104.0,107.0,-3.0,8.3,1.08,10.0,4.5,12.6,8.6,9.3,46.2,54.0,20.0,93.22,9.5,"5,368"
59,Matt Carroll,CHA,27,80,32,48,25.2,104.1,106.4,-2.3,5.8,1.26,9.4,1.7,9.8,5.7,7.5,51.7,55.4,15.5,94.89,6.7,"3,983"
59,Paul Pierce,BOS,30,80,64,16,35.9,111.4,97.3,14.1,21.0,1.64,19.2,2.1,12.6,7.6,11.7,52.9,59.9,24.5,92.23,14.7,"5,524"
59,Roger Mason Jr.,WAS,27,80,42,38,21.3,104.7,106.1,-1.4,13.3,1.94,16.1,1.0,7.0,4.0,8.3,55.2,57.3,18.6,92.09,8.5,"3,278"
59,Shane Battier,HOU,29,80,54,26,36.3,106.0,99.8,6.2,7.9,1.99,17.3,4.5,9.2,6.9,8.7,54.0,56.1,11.4,92.11,7.5,"5,575"
74,Al Thornton,LAC,24,79,23,56,27.3,99.2,108.1,-8.9,8.4,0.77,8.0,4.7,12.5,8.6,10.5,45.4,50.4,23.8,93.72,8.3,"4,199"
74,Amar'e Stoudemire,PHX,25,79,53,26,33.9,116.0,107.9,8.1,7.2,0.68,6.6,7.6,19.1,13.9,9.7,59.2,65.6,27.8,97.81,16.8,"5,444"
74,Antawn Jamison,WAS,32,79,41,38,38.7,109.8,106.8,2.9,7.0,1.06,6.5,7.0,20.7,13.6,6.1,47.8,52.5,25.3,91.50,13.3,"5,846"
74,Brandon Bass,DAL,23,79,48,31,19.7,102.6,103.6,-1.0,6.7,0.71,8.1,8.1,14.8,11.5,11.4,49.9,56.4,19.3,93.46,10.8,"3,024"
74,Chuck Hayes,HOU,25,79,52,27,19.9,103.1,95.4,7.8,8.3,1.47,23.8,8.6,18.4,13.6,16.2,51.1,51.2,8.4,92.65,8.0,"3,026"
74,Corey Brewer,MIN,22,79,21,58,22.8,99.5,108.0,-8.5,9.2,1.25,15.1,4.4,12.3,8.2,12.1,38.2,42.9,15.3,94.10,5.0,"3,524"
74,DeSagana Diop,NJN,26,79,44,35,16.4,103.2,100.0,3.2,4.7,0.69,12.9,12.8,18.3,15.6,18.8,52.2,53.6,9.4,92.68,8.0,"2,495"
74,Francisco Garcia,SAC,26,79,38,41,26.5,105.1,108.2,-3.1,10.4,1.00,11.7,2.6,10.4,6.6,11.7,53.8,57.6,20.4,96.33,9.3,"4,206"
74,Linas Kleiza,DEN,23,79,49,30,23.9,109.7,104.2,5.5,7.6,1.07,10.1,4.7,12.0,8.4,9.4,54.3,58.5,18.6,101.80,9.1,"4,016"
74,Marcus Camby,DEN,34,79,48,31,34.9,108.6,104.7,3.9,12.6,2.19,23.4,8.2,27.1,18.0,10.7,45.5,49.8,12.8,101.87,12.8,"5,853"
74,Raymond Felton,CHA,24,79,32,47,37.6,103.8,107.4,-3.7,31.8,2.74,30.2,1.3,6.9,4.1,11.0,44.1,50.0,20.4,93.98,9.8,"5,824"
74,Tyson Chandler,NOH,25,79,54,25,35.2,111.8,103.9,7.9,4.3,0.60,8.5,11.9,23.2,17.5,14.3,62.3,63.2,14.2,91.50,11.3,"5,308"
86,Andrea Bargnani,TOR,22,78,39,39,23.9,109.3,105.6,3.7,7.3,1.01,9.1,2.8,13.6,8.2,9.0,44.8,49.5,22.3,91.75,6.1,"3,554"
86,Andrew Bogut,MIL,23,78,26,52,34.9,105.2,111.2,-6.1,12.1,1.16,13.9,9.5,20.5,15.0,12.1,51.1,53.2,20.4,92.88,11.3,"5,250"
86,Antonio McDyess,DET,33,78,57,21,29.3,110.2,102.6,7.6,6.1,1.19,10.6,9.3,22.5,15.7,8.9,48.8,51.1,15.5,87.78,9.6,"4,174"
86,Channing Frye,POR,25,78,40,38,17.2,105.8,104.0,1.8,7.3,1.04,9.3,8.3,19.3,13.8,9.0,49.1,52.9,19.3,90.33,9.5,"2,524"
86,Chauncey Billups,DET,31,78,56,22,32.3,112.2,101.4,10.8,34.1,3.31,30.3,1.7,7.3,4.5,9.2,52.6,61.9,22.7,88.73,15.9,"4,670"
86,Devin Brown,CLE,29,78,44,34,22.6,101.9,103.3,-1.4,16.6,1.77,20.1,3.6,11.8,7.5,11.4,45.1,49.4,17.4,92.46,8.3,"3,397"
86,Earl Watson,SEA,29,78,19,59,29.1,99.3,108.5,-9.2,35.9,3.03,35.1,1.8,7.8,4.8,11.6,48.7,51.7,18.5,98.45,10.4,"4,651"
86,Eddie House,BOS,30,78,62,16,19.0,104.3,96.0,8.3,18.2,2.00,19.8,1.4,10.0,5.9,9.9,51.9,53.4,18.6,94.33,10.7,"2,927"
86,Eduardo Najera,DEN,31,78,48,30,21.3,109.7,100.2,9.4,7.9,1.61,16.9,6.5,12.5,9.5,10.5,54.5,57.0,11.7,101.77,7.4,"3,519"
86,Jamario Moon,TOR,28,78,39,39,27.8,111.4,104.4,6.9,6.0,1.76,12.0,4.7,18.7,12.0,6.8,52.0,54.0,14.3,91.54,10.0,"4,123"
86,Kendrick Perkins,BOS,23,78,62,16,24.5,110.4,96.6,13.8,6.3,0.67,13.2,8.7,17.1,13.2,19.6,61.5,63.2,13.4,92.24,8.5,"3,671"
86,Nick Collison,SEA,27,78,19,59,28.5,100.9,108.0,-7.1,7.7,0.96,12.0,11.0,20.8,15.9,12.5,50.2,53.7,15.9,97.66,10.5,"4,504"
86,Ronny Turiaf,LAL,25,78,53,25,18.7,109.1,104.0,5.1,13.0,1.78,18.9,6.7,13.8,10.4,10.7,47.4,53.9,16.4,96.64,8.7,"2,928"
86,Tim Duncan,SAS,32,78,54,24,34.0,108.2,99.9,8.3,15.2,1.22,12.2,9.8,25.6,17.8,10.0,49.7,54.6,28.0,89.33,17.7,"4,940"
100,Carmelo Anthony,DEN,24,77,47,30,36.4,109.3,106.6,2.7,15.6,1.02,11.6,6.3,13.3,9.9,11.3,51.1,56.8,29.6,100.81,13.3,"5,894"
100,Craig Smith,MIN,24,77,18,59,20.1,100.8,108.2,-7.5,6.6,0.67,7.9,8.2,16.0,12.0,11.7,56.3,59.0,20.2,93.89,10.0,"3,023"
100,Cuttino Mobley,LAC,32,77,22,55,35.1,100.0,108.2,-8.2,13.1,1.64,15.7,1.9,8.7,5.3,9.6,47.2,51.4,18.3,93.63,8.1,"5,267"
100,Dirk Nowitzki,DAL,30,77,49,28,36.0,112.5,103.7,8.7,17.1,1.66,13.5,3.7,20.5,12.4,8.1,51.0,58.5,28.3,92.08,17.6,"5,319"
100,Jeff Foster,IND,31,77,34,43,24.5,104.0,104.4,-0.4,10.3,2.08,20.5,13.0,21.7,17.1,9.9,55.0,56.8,11.3,98.43,11.0,"3,849"
100,Joe Smith,CLE,32,77,34,43,22.4,102.2,103.1,-1.0,6.8,0.93,7.5,9.0,14.4,11.6,8.0,47.8,52.4,20.9,93.30,10.3,"3,360"
100,Joel Przybilla,POR,28,77,38,39,23.6,101.2,103.3,-2.1,2.3,0.28,6.4,11.3,26.0,18.7,22.4,57.6,61.1,10.2,89.38,9.3,"3,373"
100,Lamar Odom,LAL,28,77,54,23,37.9,111.1,103.0,8.0,13.8,1.75,19.9,6.9,20.2,13.8,11.4,54.4,58.2,16.4,97.10,12.5,"5,912"
100,Peja Stojakovic,NOH,31,77,53,24,35.2,113.5,105.0,8.5,5.3,1.57,7.8,2.4,10.5,6.4,4.9,55.2,58.1,19.1,92.48,9.4,"5,232"
100,Rajon Rondo,BOS,22,77,62,15,29.9,110.8,97.1,13.7,26.3,2.67,29.6,3.9,10.5,7.4,11.1,49.6,51.5,18.6,92.93,11.3,"4,464"
100,Rasheed Wallace,DET,33,77,55,22,30.5,110.8,100.0,10.8,9.5,1.59,11.8,3.9,19.6,11.7,7.4,49.7,52.3,20.8,88.59,11.7,"4,323"
111,Andris Biedrins,GSW,22,76,44,32,27.3,111.1,106.3,4.8,5.1,0.88,9.5,11.6,22.9,17.2,10.8,62.6,63.7,14.3,100.28,12.1,"4,341"
111,Charlie Villanueva,MIL,23,76,24,52,24.1,103.8,112.9,-9.0,7.2,0.73,7.3,7.7,18.7,12.9,10.0,46.9,50.2,23.5,94.91,9.7,"3,605"
111,Damien Wilkins,SEA,28,76,18,58,24.3,97.3,108.8,-11.5,12.9,1.69,15.4,3.7,9.4,6.5,9.2,44.0,47.4,18.9,98.88,7.3,"3,793"
111,David West,NOH,27,76,52,24,37.8,110.8,103.3,7.4,10.4,1.07,9.8,6.5,18.3,12.3,9.2,48.4,53.5,25.9,92.13,13.1,"5,507"
111,Jason Smith,PHI,22,76,38,38,14.6,102.7,100.5,2.2,2.8,0.42,4.8,6.8,14.6,10.6,11.6,46.1,49.1,15.6,94.92,6.0,"2,183"
111,Josh Childress,ATL,25,76,33,43,29.9,104.9,107.6,-2.6,8.8,1.19,12.9,7.8,8.9,8.4,10.8,59.0,64.7,15.3,93.65,11.6,"4,433"
111,Josh Howard,DAL,28,76,48,28,36.3,111.0,102.9,8.1,10.3,1.44,9.7,4.7,15.0,10.0,6.7,48.2,53.4,25.4,91.98,12.5,"5,279"
111,LaMarcus Aldridge,POR,22,76,35,41,34.9,106.5,106.3,0.1,8.6,0.97,7.9,8.7,14.2,11.4,8.2,48.4,52.3,25.2,89.18,11.6,"4,912"
111,Matt Harpring,UTA,32,76,50,26,18.1,106.1,104.2,1.9,9.9,0.86,11.0,7.3,11.2,9.2,12.8,50.2,55.1,21.1,94.37,9.5,"2,690"
111,Morris Peterson,NOH,30,76,52,24,23.6,111.5,105.4,6.1,5.2,1.63,10.2,2.1,10.4,6.1,6.2,52.6,54.9,15.0,92.53,6.3,"3,462"
111,Quinton Ross,LAC,27,76,22,54,19.8,96.4,105.8,-9.3,9.4,3.03,18.4,3.7,8.1,5.9,6.1,40.4,43.0,11.8,94.68,4.4,"2,945"
111,Ronnie Brewer,UTA,23,76,49,27,27.5,112.4,105.7,6.7,9.2,1.94,14.2,5.2,6.3,5.8,7.3,56.7,61.2,17.1,96.02,10.8,"4,178"
111,Vince Carter,NJN,31,76,34,42,38.9,104.0,106.1,-2.1,24.2,2.15,19.0,3.9,11.8,7.9,8.8,49.4,55.0,25.0,93.97,13.2,"5,797"
124,Arron Afflalo,DET,22,75,55,20,12.9,102.9,95.8,7.1,8.6,1.53,14.3,3.8,10.4,7.1,9.3,43.2,49.4,14.4,92.75,7.3,"1,868"
124,Bostjan Nachbar,NJN,27,75,33,42,22.1,98.9,107.3,-8.4,10.0,1.04,10.1,3.3,12.6,7.9,9.7,47.9,53.1,20.9,95.32,8.5,"3,299"
124,Hakim Warrick,MEM,25,75,20,55,23.4,99.0,112.0,-13.0,5.5,0.62,5.8,6.6,13.8,10.1,9.4,51.2,55.5,21.1,97.44,9.8,"3,556"
124,Kirk Hinrich,CHI,27,75,31,44,31.7,102.6,105.1,-2.5,30.3,2.88,30.8,1.1,9.4,5.1,10.7,46.7,50.1,18.7,94.19,9.6,"4,655"
124,Kyle Korver,UTA,27,75,50,25,23.1,108.5,102.4,6.1,9.5,1.35,12.6,1.3,9.0,5.2,9.4,54.0,58.5,18.0,93.97,8.4,"3,405"
124,LeBron James,CLE,23,75,45,30,40.4,107.2,105.5,1.7,35.2,2.11,19.5,4.3,15.8,9.9,9.2,51.8,56.8,32.8,92.17,19.9,"5,831"
124,Marko Jaric,MIN,29,75,20,55,29.2,100.8,109.3,-8.4,21.3,2.43,29.9,1.7,9.1,5.2,12.3,47.3,51.8,14.8,93.30,8.0,"4,253"
124,Martell Webster,POR,21,75,38,37,28.4,104.4,106.3,-1.9,6.8,1.08,10.0,2.6,12.0,7.3,9.2,51.6,54.8,17.6,90.04,7.9,"3,994"
124,Maurice Evans,ORL,29,75,46,29,22.9,110.7,106.5,4.2,7.2,2.03,11.5,5.8,7.4,6.6,5.7,55.5,57.1,16.2,94.88,7.7,"3,395"
124,Nick Young,WAS,23,75,36,39,15.4,100.3,108.2,-7.9,10.1,0.67,9.1,2.0,8.2,5.0,13.6,48.1,52.7,24.2,93.85,6.8,"2,264"
124,Raja Bell,PHX,31,75,48,27,35.3,112.1,105.1,7.0,8.5,2.58,16.4,2.0,7.9,5.2,6.3,53.8,56.1,14.3,98.58,6.3,"5,429"
124,Rashad McCants,MIN,23,75,20,55,26.9,104.7,107.7,-3.0,13.8,0.94,12.1,2.5,8.2,5.3,12.8,52.9,55.0,26.0,93.96,8.3,"3,954"
124,Royal Ivey,MIL,26,75,22,53,19.2,101.1,109.7,-8.6,17.6,2.13,24.0,2.7,6.3,4.4,11.2,44.0,48.7,15.7,93.11,4.7,"2,778"
124,Tony Allen,BOS,26,75,61,14,18.3,102.6,93.8,8.8,14.3,1.05,16.4,2.7,9.5,6.3,15.7,45.8,52.7,19.1,94.01,7.6,"2,680"
124,Troy Murphy,IND,28,75,33,42,28.1,105.4,106.4,-1.0,12.2,1.72,15.6,5.0,20.7,12.8,9.0,52.2,57.3,18.4,99.30,11.5,"4,347"
124,Wally Szczerbiak,CLE,31,75,24,51,23.2,102.1,102.3,-0.2,10.1,1.37,10.6,1.9,9.9,6.0,7.8,49.3,53.9,21.7,96.10,10.4,"3,479"
140,Brandon Roy,POR,23,74,40,34,37.7,107.3,106.5,0.8,27.2,3.16,22.6,3.0,10.0,6.5,7.2,48.5,53.1,24.7,89.42,13.4,"5,194"
140,Brevin Knight,LAC,32,74,22,52,22.6,95.9,106.0,-10.0,32.3,4.62,42.4,0.9,7.9,4.4,9.2,40.4,45.3,12.1,94.17,8.5,"3,283"
140,JR Smith,DEN,22,74,44,30,19.2,108.9,103.1,5.8,14.9,1.14,12.9,2.9,7.2,5.1,11.3,57.8,60.3,24.9,102.99,10.8,"3,060"
140,Jacque Vaughn,SAS,33,74,49,25,15.4,98.6,97.2,1.4,23.2,2.94,29.8,1.2,5.6,3.4,10.1,43.3,48.1,15.2,91.41,6.5,"2,169"
140,James Posey,BOS,31,74,60,14,24.6,103.4,98.2,5.2,10.5,1.75,17.6,1.8,16.3,9.2,10.1,54.6,58.7,13.2,93.13,10.4,"3,538"
140,Jason Collins,MEM,29,74,28,46,15.8,96.9,102.5,-5.5,3.3,0.52,11.4,5.6,10.7,8.1,21.8,46.9,48.1,7.6,94.04,0.1,"2,284"
140,Joakim Noah,CHI,23,74,31,43,20.7,101.8,102.2,-0.4,8.7,0.94,13.3,10.9,15.8,13.3,14.1,48.2,53.9,15.3,95.03,9.9,"3,029"
140,Luke Walton,LAL,28,74,51,23,23.4,108.1,102.1,6.0,18.2,2.18,25.8,4.9,11.3,8.2,11.8,47.9,50.9,15.6,97.97,8.7,"3,534"
140,Manu Ginobili,SAS,30,74,51,23,31.1,106.8,98.2,8.6,25.7,1.66,19.5,2.9,13.0,8.1,11.7,54.0,61.2,27.4,92.88,16.9,"4,470"
140,Marquis Daniels,IND,27,74,36,38,20.9,104.0,102.7,1.2,14.4,1.22,15.7,4.0,9.1,6.6,12.8,45.4,48.7,20.1,100.10,8.0,"3,207"
140,Quincy Douby,SAC,24,74,32,42,11.8,96.3,105.0,-8.7,10.5,0.90,11.3,1.9,7.7,4.8,12.6,45.7,49.5,20.2,99.31,6.4,"1,820"
140,Rafer Alston,HOU,31,74,51,23,34.1,105.8,99.3,6.4,24.6,2.45,25.5,1.1,8.9,5.0,10.4,47.1,49.2,20.2,93.02,9.9,"4,901"
140,Thaddeus Young,PHI,20,74,38,36,21.0,108.3,101.8,6.5,5.6,0.91,8.8,8.0,12.6,10.3,9.8,54.5,57.0,17.0,94.43,10.3,"3,051"
140,Tyrus Thomas,CHI,21,74,27,47,18.0,101.4,102.1,-0.7,11.0,1.17,13.1,7.6,18.8,13.1,11.2,42.4,48.6,19.5,95.48,9.7,"2,640"
140,Willie Green,PHI,26,74,34,40,26.6,104.3,104.6,-0.2,12.4,1.39,12.7,1.7,8.2,4.9,9.2,46.5,49.2,23.5,92.14,8.2,"3,786"
155,Bonzi Wells,NOH,31,73,44,29,21.4,102.3,101.3,1.1,11.0,0.94,11.1,5.4,16.3,10.8,11.8,45.3,49.5,22.4,91.88,10.2,"2,985"
155,Ime Udoka,SAS,30,73,50,23,18.0,103.9,97.6,6.3,7.8,1.09,12.2,2.9,15.1,9.2,11.2,50.5,52.8,16.0,92.43,8.4,"2,536"
155,Jared Dudley,CHA,22,73,29,44,19.0,104.3,105.7,-1.4,9.4,1.62,15.3,8.7,12.1,10.4,9.4,48.1,52.8,14.4,93.69,8.7,"2,699"
155,Jared Jeffries,NYK,26,73,20,53,18.1,104.3,106.8,-2.5,7.2,1.03,14.9,8.5,10.0,9.2,14.4,40.7,43.3,12.4,94.02,3.7,"2,590"
155,Luther Head,HOU,25,73,46,27,18.9,103.5,98.6,4.9,16.3,1.97,19.3,1.4,8.4,5.0,9.8,51.5,54.3,19.0,92.38,10.2,"2,654"
155,Malik Allen,DAL,30,73,34,39,15.0,101.3,102.5,-1.2,6.9,0.98,10.3,6.4,12.5,9.5,10.5,48.2,50.0,16.0,91.58,6.2,"2,083"
155,Matt Barnes,GSW,28,73,42,31,19.4,109.7,109.2,0.5,13.6,1.64,19.8,6.0,15.8,10.8,12.1,48.3,51.0,16.3,102.11,8.3,"3,001"
155,Ray Allen,BOS,32,73,58,15,35.9,111.4,99.0,12.4,13.9,1.77,15.7,3.2,7.4,5.4,8.9,53.7,58.4,21.2,92.52,11.1,"5,052"
155,Sean Williams,NJN,21,73,28,45,17.5,99.6,106.8,-7.2,3.7,0.40,6.0,9.1,17.1,13.0,15.1,53.8,56.3,14.9,94.55,7.8,"2,516"
155,Stephen Jackson,GSW,30,73,46,27,39.1,110.5,107.5,3.0,15.1,1.52,16.2,2.2,8.6,5.4,10.7,48.1,53.6,22.7,100.24,9.3,"5,975"
155,Zydrunas Ilgauskas,CLE,33,73,41,32,30.4,103.6,102.7,0.9,8.2,0.77,8.5,11.8,19.4,15.5,11.1,47.4,52.2,22.5,91.56,12.1,"4,248"
166,Andrei Kirilenko,UTA,27,72,47,25,30.8,113.6,104.8,8.9,17.6,2.04,26.2,6.2,10.5,8.4,12.9,54.6,60.3,15.9,96.22,10.4,"4,446"
166,Ben Gordon,CHI,25,72,29,43,31.8,102.9,108.3,-5.5,16.8,1.42,13.7,1.6,8.1,4.7,9.7,50.0,55.8,25.2,95.08,11.2,"4,547"
166,Ben Wallace,CLE,33,72,31,41,30.6,101.0,104.2,-3.2,7.0,1.57,17.4,10.1,17.6,13.6,11.1,39.2,40.8,10.0,91.68,8.2,"4,214"
166,Bobby Jackson,HOU,35,72,52,20,19.3,104.1,98.5,5.6,17.0,2.36,18.8,2.4,10.8,6.7,8.0,48.3,51.0,20.0,90.65,10.1,"2,624"
166,Brad Miller,SAC,32,72,35,37,34.9,108.7,107.0,1.7,16.1,1.61,20.5,7.2,21.1,14.3,12.7,48.2,55.8,18.1,95.70,12.2,"5,010"
166,Erick Dampier,DAL,32,72,44,28,24.4,109.5,103.8,5.7,5.2,0.79,13.0,12.8,19.0,16.0,16.5,64.3,64.5,11.1,91.36,9.1,"3,330"
166,Johan Petro,SEA,22,72,18,54,18.2,94.0,104.1,-10.1,3.9,0.44,5.5,7.0,20.1,13.4,12.5,41.9,45.3,17.6,100.12,7.1,"2,728"
166,Keyon Dooling,ORL,28,72,45,27,18.5,104.5,100.6,3.9,17.7,2.18,19.2,0.6,6.8,3.9,8.8,49.4,57.2,19.1,94.53,10.2,"2,633"
166,Mehmet Okur,UTA,29,72,50,22,33.2,112.9,105.2,7.8,8.9,1.39,12.2,6.3,19.0,12.8,8.7,51.2,55.6,19.7,94.49,10.3,"4,691"
166,Michael Redd,MIL,28,72,21,51,37.5,105.0,112.0,-6.9,16.0,1.36,13.2,3.2,8.9,6.0,9.7,49.5,55.9,26.5,93.92,11.8,"5,286"
166,Nate Robinson,NYK,24,72,20,52,26.2,104.6,109.0,-4.4,18.9,2.06,17.9,2.7,9.8,6.1,8.7,48.5,52.6,22.6,94.10,9.8,"3,698"
166,Richard Hamilton,DET,30,72,52,20,33.7,110.6,102.3,8.2,21.5,2.27,19.3,3.3,7.0,5.1,8.5,51.5,55.2,24.2,88.67,11.7,"4,483"
166,Sasha Vujacic,LAL,24,72,49,23,17.8,113.0,108.2,4.8,8.7,1.38,11.2,1.5,10.4,6.0,8.1,57.7,60.5,19.4,95.69,9.4,"2,560"
166,Sergio Rodriguez,POR,22,72,36,36,8.7,95.1,103.2,-8.2,35.0,2.32,31.5,2.1,7.2,4.6,13.6,39.5,42.3,19.5,91.96,6.8,"1,200"
180,Antonio Daniels,WAS,33,71,40,31,30.4,107.5,107.6,0.0,23.9,3.74,35.1,1.1,9.1,4.9,9.4,47.8,54.9,13.2,91.00,9.9,"4,103"
180,Kareem Rush,IND,27,71,30,41,21.2,103.1,105.8,-2.7,9.7,1.44,12.0,1.2,9.9,5.4,8.4,49.0,50.0,18.4,100.12,7.0,"3,127"
180,Kenyon Martin,DEN,30,71,46,25,30.4,108.0,105.7,2.3,6.2,0.99,9.2,5.0,15.6,10.5,9.3,53.9,55.3,17.5,100.57,9.1,"4,517"
180,Kevin Garnett,BOS,32,71,57,14,32.8,112.0,96.0,16.0,18.6,1.77,16.0,6.7,22.0,15.0,9.0,53.9,58.8,25.6,91.88,19.7,"4,468"
180,Rasho Nesterovic,TOR,32,71,35,36,20.9,105.0,102.2,2.8,8.6,1.37,13.0,9.1,15.0,12.1,9.5,55.1,56.5,17.1,91.81,10.1,"2,831"
180,Spencer Hawes,SAC,20,71,33,38,13.1,102.1,107.1,-5.0,7.6,0.79,9.9,7.6,17.7,12.7,12.6,46.5,48.6,18.7,98.42,7.4,"1,908"
186,Anthony Carter,DEN,33,70,42,28,28.0,107.2,106.7,0.5,26.6,3.13,37.8,1.4,8.2,4.9,12.1,50.5,53.1,13.7,101.63,8.5,"4,140"
186,Bobby Simmons,MIL,28,70,24,46,21.7,101.1,108.8,-7.7,8.7,1.03,11.6,4.3,11.7,7.7,11.4,48.2,50.4,17.6,92.91,6.7,"2,949"
186,Corey Maggette,LAC,28,70,21,49,35.7,100.8,105.7,-4.9,14.3,0.97,11.2,3.2,13.0,8.1,11.6,49.7,59.5,26.9,95.29,13.0,"4,971"
186,Darko Milicic,MEM,23,70,19,51,23.8,101.1,109.3,-8.2,5.5,0.57,8.1,7.7,17.9,12.8,14.1,43.8,45.6,17.3,97.13,6.4,"3,356"
186,Dominic McGuire,WAS,22,70,35,35,9.9,94.4,107.5,-13.1,9.6,1.00,20.2,7.6,12.8,10.2,20.2,38.3,39.7,10.4,92.32,3.7,"1,322"
186,Fred Jones,NYK,29,70,18,52,25.1,102.3,109.6,-7.3,15.0,2.13,22.7,1.7,8.5,4.9,10.7,50.7,54.6,14.2,94.32,7.1,"3,447"
186,Grant Hill,PHX,35,70,46,24,31.7,110.1,102.9,7.2,13.0,2.11,18.6,3.7,11.5,8.0,8.8,52.6,57.6,17.6,99.38,10.8,"4,594"
186,Jarron Collins,UTA,29,70,46,24,10.0,103.8,95.9,8.0,7.1,1.68,21.0,5.8,11.8,8.7,12.5,43.9,51.5,8.5,97.11,2.9,"1,420"
186,Josh Boone,NJN,23,70,29,41,25.3,104.6,108.8,-4.2,5.0,0.81,8.4,10.9,18.2,14.5,10.4,54.8,54.3,14.9,94.66,9.1,"3,494"
186,Kris Humphries,TOR,23,70,38,32,13.2,100.4,101.7,-1.3,5.3,0.60,6.1,9.7,19.1,14.3,10.2,48.3,51.2,21.2,93.64,10.0,"1,795"
186,Kurt Thomas,SAS,35,70,32,38,22.6,99.2,101.7,-2.5,6.5,1.46,12.3,8.3,23.4,16.0,8.4,49.2,51.4,13.6,94.42,10.7,"3,119"
186,Mike Miller,MEM,28,70,21,49,35.3,105.3,110.5,-5.2,15.5,1.32,18.2,2.2,16.9,9.7,13.8,59.6,62.5,19.4,96.77,11.9,"4,991"
186,Rodney Carney,PHI,24,70,36,34,14.8,103.8,101.9,1.9,5.0,0.94,6.5,4.6,10.3,7.3,6.9,45.2,47.8,19.1,95.11,6.9,"2,051"
199,Anthony Johnson,SAC,33,69,32,37,22.2,100.6,104.5,-3.8,26.8,3.12,36.3,1.5,7.8,4.7,11.7,49.6,51.7,13.4,94.32,8.3,"3,014"
199,Drew Gooden,CHI,26,69,35,34,30.7,104.4,106.5,-2.2,6.2,0.66,7.8,8.2,20.7,14.3,11.8,44.9,49.5,20.1,93.84,9.6,"4,137"
199,Glen Davis,BOS,22,69,56,13,13.6,101.9,95.5,6.5,5.3,0.43,7.3,11.0,12.1,11.5,17.0,48.4,54.5,17.1,92.46,6.0,"1,806"
199,Jameer Nelson,ORL,26,69,42,27,28.4,109.7,103.9,5.9,29.9,2.72,32.1,1.5,10.6,6.3,11.8,52.2,56.4,18.3,96.58,11.1,"3,946"
199,Mark Blount,MIA,32,69,11,58,22.3,95.2,106.3,-11.0,4.8,0.59,6.0,4.7,13.4,9.0,10.2,47.9,50.5,19.6,92.27,7.2,"2,964"
199,Thabo Sefolosha,CHI,24,69,27,42,20.8,99.3,102.1,-2.8,14.6,1.39,18.7,3.4,14.8,9.0,13.5,46.2,49.7,17.1,96.10,8.8,"2,864"
199,Tony Parker,SAS,26,69,48,21,33.5,108.0,100.3,7.7,32.7,2.51,23.1,1.4,8.6,5.1,9.2,50.2,54.2,28.1,90.10,14.4,"4,345"
199,Zach Randolph,NYK,26,69,23,46,32.5,103.4,109.7,-6.3,11.8,0.75,9.3,8.0,24.8,16.1,12.3,47.0,51.3,27.0,92.81,13.5,"4,339"
207,Charlie Bell,MIL,29,68,24,44,23.9,102.1,109.3,-7.2,20.8,2.76,25.8,1.9,8.9,5.2,9.3,45.7,49.0,16.4,93.72,7.9,"3,169"
207,Larry Hughes,CHI,29,68,34,34,29.7,103.7,108.6,-5.0,14.6,1.56,15.3,1.9,9.9,5.7,9.8,42.3,46.8,21.7,94.79,7.7,"3,999"
207,Matt Bonner,SAS,28,68,45,23,12.5,101.3,95.9,5.4,6.6,0.82,8.4,6.6,16.6,11.7,10.2,49.5,52.5,19.1,92.11,8.5,"1,633"
210,Chris Bosh,TOR,24,67,37,30,36.2,112.2,103.8,8.4,12.3,1.12,10.6,8.0,17.7,13.0,9.5,49.9,58.8,28.2,90.30,15.6,"4,550"
210,Damon Jones,CLE,31,67,35,32,19.9,105.2,104.5,0.7,15.4,3.50,23.5,0.4,5.3,2.7,6.7,57.4,58.2,13.7,91.59,7.8,"2,571"
210,Dan Dickau,LAC,29,67,15,52,15.5,102.8,105.9,-3.2,27.3,3.13,30.9,1.3,8.8,4.9,9.9,48.0,53.0,16.8,93.11,8.9,"2,014"
210,Jason Williams,MIA,32,67,12,55,28.2,98.2,109.6,-11.4,25.5,3.37,31.3,0.7,6.9,3.7,9.3,47.2,50.2,16.3,93.74,8.8,"3,685"
214,Brian Skinner,PHX,32,66,47,19,12.8,102.2,105.2,-3.0,2.5,0.38,5.4,7.5,18.7,13.4,14.0,47.0,48.5,13.5,100.41,7.1,"1,759"
214,Chris Duhon,CHI,25,66,25,41,22.6,100.9,102.8,-1.9,27.3,3.70,36.9,1.2,6.6,3.9,10.0,46.5,50.8,13.1,95.70,8.6,"2,965"
214,Mickael Pietrus,GSW,26,66,40,26,19.9,109.0,107.2,1.8,5.1,1.02,9.3,4.7,13.6,8.9,9.1,52.5,54.9,15.2,101.38,6.6,"2,765"
214,Mo Williams,MIL,25,66,24,42,36.5,103.8,111.0,-7.2,29.9,2.30,26.1,1.6,8.6,5.0,11.3,52.8,56.6,22.2,92.16,11.9,"4,625"
214,Pau Gasol,LAL,27,66,32,34,35.6,110.1,105.5,4.6,14.8,1.70,15.2,7.1,16.5,12.0,9.0,53.6,59.4,22.3,95.93,14.5,"4,698"
214,Tracy McGrady,HOU,29,66,46,20,37.0,105.9,100.4,5.5,29.4,2.42,19.2,1.7,11.9,6.8,7.9,45.2,48.7,30.0,92.02,13.8,"4,682"
214,Travis Diener,IND,26,66,28,38,20.5,105.5,107.1,-1.6,28.2,4.56,32.6,1.8,6.6,4.1,7.2,45.6,49.4,16.3,99.68,8.4,"2,813"
214,Yi Jianlian,MIL,20,66,24,42,24.9,100.4,108.1,-7.7,5.6,0.61,7.5,6.5,15.8,11.0,12.2,42.7,48.5,18.6,91.83,7.6,"3,155"
222,Beno Udrih,SAC,25,65,31,34,32.0,105.7,106.3,-0.6,22.2,1.91,23.4,1.7,9.0,5.4,12.3,50.1,54.0,19.5,96.20,9.7,"4,169"
222,Hilton Armstrong,NOH,23,65,43,22,11.3,100.9,102.2,-1.3,4.8,0.39,8.7,9.2,15.1,12.0,22.4,45.3,49.8,14.8,92.89,3.0,"1,407"
222,Quentin Richardson,NYK,28,65,20,45,28.3,101.9,109.9,-8.0,9.9,1.68,14.9,3.0,14.6,8.7,8.8,42.1,44.4,16.1,94.10,6.0,"3,602"
222,Renaldo Balkman,NYK,23,65,21,44,14.6,101.4,105.2,-3.8,6.6,1.08,13.1,8.4,14.4,11.3,12.1,49.2,49.2,12.3,93.31,6.3,"1,837"
222,Shawne Williams,IND,22,65,25,40,14.9,101.9,102.6,-0.7,9.9,1.02,11.0,5.2,12.2,8.6,10.8,48.5,52.2,20.6,102.13,7.7,"2,042"
222,Vladimir Radmanovic,LAL,27,65,45,20,22.8,115.9,104.5,11.3,11.4,1.68,18.6,4.1,10.6,7.4,11.0,56.2,58.3,15.7,97.90,7.4,"3,031"
228,Devin Harris,NJN,25,64,37,27,31.6,110.1,105.9,4.2,28.8,2.29,27.2,1.5,7.3,4.5,11.9,50.4,57.3,22.1,94.04,11.3,"3,975"
228,Josh Powell,LAC,25,64,16,48,19.2,97.8,110.4,-12.6,6.6,0.72,10.1,9.7,19.3,14.3,13.9,46.0,50.0,15.6,93.21,7.6,"2,373"
228,Mario West,ATL,24,64,31,33,4.2,102.9,103.0,-0.1,7.2,1.44,16.0,9.7,7.8,8.7,11.1,42.9,48.8,10.5,102.71,1.6,554
228,Shelden Williams,SAC,24,64,29,35,12.1,100.7,102.6,-1.9,4.1,0.54,6.0,8.9,17.4,13.2,11.1,43.4,49.4,16.4,96.65,7.4,"1,562"
232,Francisco Elson,SEA,32,63,35,28,12.9,94.0,99.6,-5.6,5.1,0.51,7.5,6.1,18.6,12.3,14.6,39.0,41.6,16.7,94.56,5.4,"1,588"
232,Luol Deng,CHI,23,63,25,38,33.8,104.8,108.3,-3.6,12.7,1.29,12.0,6.2,12.5,9.3,9.3,48.3,52.8,23.2,94.40,11.7,"4,183"
232,Shawn Marion,MIA,30,63,37,26,36.7,109.3,104.8,4.5,8.7,1.60,12.8,6.2,21.2,14.1,8.0,55.0,57.0,18.0,98.11,13.2,"4,735"
232,Tim Thomas,LAC,31,63,18,45,30.8,99.4,105.2,-5.8,15.4,1.74,16.4,3.3,14.0,8.7,9.4,47.2,50.5,20.4,94.45,8.6,"3,822"
232,Trenton Hassell,NJN,29,63,33,30,12.3,97.4,105.6,-8.1,8.7,1.86,20.2,2.6,8.5,5.5,10.8,43.0,44.1,9.7,92.85,2.5,"1,485"
237,Amir Johnson,DET,21,62,49,13,12.3,107.0,94.3,12.7,5.8,0.74,11.3,11.9,18.1,15.2,15.2,55.8,58.4,13.2,93.21,10.8,"1,479"
237,Carlos Arroyo,ORL,28,62,40,22,20.5,110.3,105.8,4.5,27.2,2.84,31.8,0.8,8.1,4.6,11.2,49.3,54.7,16.9,93.19,9.7,"2,474"
237,Chris Wilcox,SEA,25,62,16,46,28.0,100.1,105.3,-5.2,7.0,0.72,8.0,7.1,16.7,12.0,11.1,52.4,55.4,20.8,99.26,10.6,"3,597"
237,Gerald Wallace,CHA,25,62,23,39,38.3,103.5,105.7,-2.2,15.9,1.20,14.5,2.5,13.7,8.1,12.1,48.8,54.7,24.4,93.05,11.9,"4,600"
237,Zaza Pachulia,ATL,24,62,28,34,15.2,103.7,105.3,-1.6,6.1,0.52,8.5,10.3,17.8,14.1,16.4,43.7,51.5,18.4,93.65,6.5,"1,832"
242,Aaron Gray,CHI,23,61,23,38,10.0,101.8,102.4,-0.6,11.3,0.72,11.9,11.2,16.3,13.7,16.5,50.5,52.9,21.3,96.35,7.4,"1,224"
242,Delonte West,CLE,24,61,23,38,25.1,99.6,102.1,-2.6,24.2,1.96,26.6,1.9,10.2,6.1,13.6,46.3,49.2,17.9,94.84,9.5,"3,027"
242,Kevin Martin,SAC,25,61,30,31,36.3,110.0,110.8,-0.8,9.7,0.98,9.1,2.3,10.6,6.5,9.2,51.5,61.8,25.5,97.41,12.9,"4,501"
242,Luke Ridnour,SEA,27,61,14,47,20.0,99.9,105.9,-6.0,29.6,3.01,33.1,1.0,6.3,3.7,11.0,42.8,48.2,17.0,97.33,8.1,"2,473"
242,Ronnie Price,UTA,25,61,43,18,9.6,109.0,94.1,14.9,20.2,2.60,23.7,1.4,6.8,4.1,9.1,49.5,51.6,18.8,94.87,7.8,"1,157"
242,Shaquille O'Neal,PHX,36,61,25,36,28.7,105.9,104.8,1.1,8.8,0.51,9.4,10.7,22.6,17.0,18.4,59.3,58.9,23.2,94.50,11.2,"3,426"
248,CJ Miles,UTA,21,60,38,22,11.5,111.0,102.2,8.7,11.3,1.96,15.7,2.4,9.8,6.0,8.0,54.2,57.4,17.6,97.19,8.3,"1,395"
248,Chris Quinn,MIA,24,60,11,49,22.3,100.2,107.9,-7.7,23.4,3.24,27.3,0.9,8.6,4.8,8.4,50.9,55.9,16.8,90.12,10.0,"2,529"
248,Damon Stoudamire,SAS,34,60,31,29,17.3,99.9,105.3,-5.4,24.4,2.06,27.9,2.0,9.7,5.9,13.5,43.0,45.0,18.7,94.93,6.7,"2,062"
248,Ryan Hollins,CHA,23,60,23,37,8.9,101.2,104.7,-3.5,4.0,0.56,8.2,10.0,10.3,10.2,14.6,48.9,56.5,12.6,95.26,4.3,"1,055"
248,Sebastian Telfair,MIN,23,60,13,47,32.2,99.6,109.9,-10.3,28.2,3.20,33.3,0.8,6.6,3.6,10.4,43.0,46.2,16.5,93.34,6.9,"3,754"
253,Daequan Cook,MIA,21,59,9,50,24.4,97.5,108.9,-11.4,9.5,1.19,11.1,1.4,11.6,6.3,9.3,45.8,48.0,19.3,91.69,5.4,"2,754"
253,Desmond Mason,MIL,30,59,18,41,28.8,104.7,109.7,-5.0,10.7,1.46,16.0,4.5,11.3,7.9,11.0,48.2,51.9,16.6,93.51,7.8,"3,314"
253,Eddy Curry,NYK,25,59,17,42,25.9,98.8,113.5,-14.7,4.0,0.25,3.8,7.6,11.3,9.4,15.1,54.6,57.8,23.7,92.37,8.2,"2,956"
256,Caron Butler,WAS,28,58,33,25,39.9,110.7,106.8,3.9,21.0,1.89,19.1,4.1,13.8,8.8,10.1,50.1,55.8,23.6,91.41,13.6,"4,406"
256,Daniel Gibson,CLE,22,58,32,26,30.4,106.2,103.7,2.6,13.0,1.91,20.1,1.7,6.3,3.9,10.5,55.9,59.2,14.8,91.43,7.2,"3,367"
256,James Jones,POR,27,58,33,25,22.0,107.8,106.1,1.7,4.3,1.21,8.1,3.5,9.4,6.5,6.6,57.6,62.5,14.1,90.00,8.5,"2,391"
256,Jerry Stackhouse,DAL,33,58,39,19,24.4,105.9,103.9,2.0,17.1,1.69,17.7,2.4,6.9,4.8,10.5,46.2,52.3,21.2,95.65,8.6,"2,817"
260,Jason Hart,UTA,30,57,36,21,10.6,102.0,98.5,3.6,20.8,3.07,27.7,0.8,8.7,4.6,9.0,35.3,41.3,15.7,97.31,5.6,"1,229"
260,Julian Wright,NOH,21,57,39,18,11.2,105.0,103.8,1.2,10.0,1.18,15.0,5.5,13.5,9.6,12.7,56.2,58.1,16.2,91.90,10.6,"1,226"
260,Metta World Peace,SAC,28,57,30,27,38.1,107.8,106.0,1.8,15.7,1.34,13.8,4.9,10.7,7.8,10.3,49.7,53.5,25.2,96.63,11.7,"4,376"
260,Rodney Stuckey,DET,22,57,41,16,19.0,103.5,99.8,3.7,25.8,2.05,23.2,3.1,9.4,6.2,11.3,40.4,48.4,22.5,89.48,10.4,"2,006"
264,Acie Law,ATL,23,56,25,31,15.5,99.0,106.6,-7.6,21.8,2.02,26.5,1.4,5.4,3.4,13.1,41.6,45.5,15.9,93.96,5.4,"1,698"
264,Antoine Wright,DAL,24,56,26,30,22.0,96.9,103.4,-6.6,11.3,1.60,16.4,3.4,8.9,6.1,10.2,46.2,48.8,15.0,93.80,5.5,"2,396"
264,Chris Kaman,LAC,26,56,20,36,37.2,99.1,104.1,-5.0,9.4,0.65,9.8,8.7,26.6,17.7,15.0,48.3,53.8,21.7,93.47,13.9,"4,063"
264,Dwayne Jones,CLE,25,56,31,25,8.4,100.5,104.7,-4.2,3.3,0.59,9.8,13.9,15.2,14.6,16.7,53.2,53.8,8.5,94.54,4.2,927
264,Gordan Giricek,PHX,31,56,32,24,14.8,104.3,101.0,3.3,11.5,1.19,14.5,2.0,9.2,5.7,12.2,50.0,51.8,18.8,98.28,7.2,"1,697"
264,Leon Powe,BOS,24,56,46,10,14.5,104.3,97.0,7.3,3.6,0.35,3.6,12.4,16.6,14.6,10.4,57.2,62.9,21.8,93.65,14.1,"1,572"
264,Stromile Swift,NJN,28,56,20,36,15.1,99.8,104.4,-4.6,5.3,0.51,6.6,7.8,15.7,11.8,13.0,50.9,54.8,19.3,96.58,8.7,"1,698"
271,David Harrison,IND,25,55,26,29,12.8,103.2,101.3,1.9,3.0,0.24,4.9,5.8,9.8,7.8,20.4,52.9,53.9,16.1,101.91,1.7,"1,474"
271,Sam Cassell,BOS,38,55,29,26,23.2,102.2,105.6,-3.4,29.8,2.21,23.6,1.4,9.4,5.4,10.7,46.0,51.7,24.6,94.11,11.2,"2,503"
271,Yao Ming,HOU,27,55,36,19,37.2,104.0,99.2,4.8,11.6,0.70,9.7,8.6,20.4,14.6,13.8,50.7,58.7,26.6,91.64,16.7,"3,903"
274,Jeff McInnis,CHA,33,54,19,35,26.1,100.2,108.0,-7.8,23.9,2.89,39.4,1.2,6.2,3.7,13.6,44.0,46.1,11.1,93.00,5.0,"2,727"
274,Mike James,NOH,33,54,28,26,13.3,98.8,101.2,-2.4,14.2,1.67,14.7,1.9,7.9,4.9,8.8,40.2,43.7,21.7,92.94,5.9,"1,388"
274,Yakhouba Diawara,DEN,25,54,34,20,10.0,101.5,100.6,0.9,9.8,2.31,18.3,4.0,6.4,5.2,7.9,48.9,51.8,12.7,102.48,4.4,"1,160"
277,Casey Jacobsen,MEM,27,53,15,38,10.3,101.9,98.7,3.2,5.2,1.25,12.6,2.1,9.8,5.9,10.1,40.9,43.7,10.9,101.50,3.3,"1,151"
277,Devean George,DAL,30,53,30,23,15.5,102.8,103.2,-0.4,6.8,1.46,12.4,3.5,13.4,8.6,8.5,41.1,43.7,13.9,91.29,4.7,"1,548"
277,Juan Dixon,DET,29,53,32,21,12.6,105.5,98.3,7.1,23.0,1.80,23.0,2.2,9.4,5.7,12.8,46.9,48.8,21.6,93.83,8.2,"1,302"
277,Marcus Williams,NJN,22,53,21,32,16.1,100.9,111.7,-10.8,28.5,1.87,26.4,1.7,10.9,6.2,14.2,47.1,49.9,20.7,94.30,8.7,"1,677"
277,Mike Conley,MEM,20,53,14,39,26.1,104.5,115.1,-10.6,24.7,2.49,27.5,1.5,8.9,5.1,11.0,46.2,50.2,18.6,96.50,8.1,"2,781"
277,Ryan Bowen,NOH,32,53,36,17,12.4,102.9,99.8,3.0,5.6,1.67,16.3,8.6,7.4,8.0,9.8,49.0,50.5,9.0,89.14,4.6,"1,220"
283,Chris Richard,MIN,23,52,14,38,10.7,102.4,104.3,-1.9,4.6,0.75,12.8,9.1,15.2,12.1,17.0,47.1,49.6,9.6,94.95,4.3,"1,097"
283,Melvin Ely,NOH,30,52,35,17,11.9,104.9,96.5,8.5,5.5,0.52,8.1,4.9,18.1,11.9,15.5,47.2,49.1,18.8,91.49,6.3,"1,175"
285,Aaron Brooks,HOU,23,51,36,15,11.9,100.9,102.3,-1.3,24.9,1.98,23.0,2.2,7.5,4.8,11.6,49.3,53.5,21.6,91.52,8.8,"1,165"
285,Brian Cook,ORL,27,51,33,18,12.3,103.1,102.3,0.8,7.3,0.69,8.7,4.6,13.2,8.9,12.6,46.8,48.9,20.1,95.32,4.9,"1,250"
285,Dan Gadzuric,MIL,30,51,16,35,10.5,98.3,104.5,-6.2,3.4,0.32,4.8,10.9,15.7,13.1,14.8,41.6,44.3,17.2,95.69,4.7,"1,057"
285,Dwyane Wade,MIA,26,51,10,41,38.3,102.7,109.4,-6.7,33.6,1.58,20.6,2.5,9.4,5.9,13.0,48.0,54.9,31.7,94.23,13.9,"3,836"
285,Rasual Butler,NOH,29,51,37,14,17.2,100.8,98.3,2.5,6.4,3.60,11.3,1.8,9.6,5.7,3.1,43.5,46.0,14.7,92.47,5.6,"1,688"
285,Sasha Pavlovic,CLE,24,51,28,23,23.3,98.0,101.1,-3.0,11.1,1.49,14.2,2.9,7.9,5.4,9.5,40.4,43.4,18.4,94.07,3.9,"2,335"
285,T.J. Ford,TOR,25,51,22,29,23.5,105.5,104.8,0.6,43.4,3.07,31.6,2.0,6.6,4.3,10.3,48.4,53.3,25.6,94.80,13.5,"2,360"
292,Darrell Armstrong,NJN,40,50,22,28,11.0,93.3,103.4,-10.1,22.5,1.78,30.8,3.3,9.2,6.3,17.3,46.8,49.9,13.4,95.79,6.5,"1,091"
292,Javaris Crittenton,MEM,20,50,25,25,13.6,100.1,102.6,-2.5,12.1,0.93,13.3,3.9,11.6,7.8,14.4,44.2,49.9,21.0,99.45,7.9,"1,402"
292,Juwan Howard,DAL,35,50,28,22,7.0,97.9,105.1,-7.3,7.4,1.00,16.3,6.4,17.1,12.0,16.3,35.9,40.6,11.3,95.52,2.4,702
292,Primoz Brezec,TOR,28,50,28,22,9.5,99.5,105.6,-6.2,3.6,0.46,7.5,6.4,11.6,8.9,16.4,46.8,50.2,12.6,93.62,1.5,929
292,Tyronn Lue,DAL,31,50,21,29,14.7,103.2,104.2,-1.0,17.7,2.74,20.1,1.3,6.6,4.0,7.3,52.4,54.3,18.3,91.66,8.0,"1,414"
297,Ira Newble,LAL,33,49,27,22,14.2,95.2,108.1,-12.9,4.4,0.53,7.6,6.2,12.0,8.9,14.3,48.3,50.7,13.7,95.59,5.9,"1,382"
297,Malik Rose,NYK,33,49,11,38,10.1,100.4,104.8,-4.4,9.3,0.70,10.4,6.2,15.4,10.6,14.8,37.2,42.2,22.1,92.99,3.7,955
297,Udonis Haslem,MIA,28,49,10,39,36.8,99.6,108.9,-9.3,6.2,1.01,9.6,6.3,20.0,13.1,9.5,46.7,51.7,16.1,94.01,9.6,"3,535"
300,Anderson Varejao,CLE,25,48,28,20,27.5,104.3,101.0,3.3,6.5,0.90,12.0,9.9,21.3,15.4,13.3,46.1,48.5,13.3,89.87,9.3,"2,467"
300,Brian Scalabrine,BOS,30,48,40,8,10.7,101.0,95.3,5.7,11.9,1.54,23.5,4.7,10.6,7.8,15.3,38.8,42.8,11.4,94.64,3.5,"1,004"
300,Mike Bibby,ATL,30,48,24,24,32.8,110.0,110.9,-0.9,28.1,2.44,27.4,1.1,9.3,5.2,11.3,48.8,51.5,21.4,95.77,9.5,"3,141"
303,Bobby Jones,DEN,24,47,25,22,11.3,94.4,100.7,-6.4,9.2,1.00,12.9,5.6,11.9,8.8,12.9,49.3,54.8,15.9,96.38,6.0,"1,062"
303,Eddie Jones,DAL,36,47,31,16,19.6,107.6,101.3,6.4,10.5,2.38,24.4,2.1,13.0,7.6,10.2,46.1,47.3,10.7,91.67,5.9,"1,763"
305,Antoine Walker,MIN,31,46,10,36,19.4,99.2,104.4,-5.2,8.5,0.98,9.1,5.9,12.8,9.2,9.3,44.4,45.5,22.0,95.85,6.9,"1,786"
305,Earl Barron,MIA,26,46,8,38,19.3,93.7,105.3,-11.6,6.3,0.60,6.5,7.7,16.5,11.9,10.8,40.5,44.6,21.8,91.59,6.0,"1,690"
305,Mardy Collins,NYK,23,46,12,34,13.8,97.9,107.6,-9.7,22.1,1.59,26.5,2.8,8.9,5.7,16.7,34.9,37.8,17.1,94.48,4.1,"1,240"
305,Michael Ruffin,MIL,31,46,12,34,13.7,103.5,105.1,-1.7,5.5,1.26,17.6,13.5,17.1,15.1,14.0,53.2,50.7,7.7,92.82,6.0,"1,217"
309,Nenad Krstic,NJN,24,45,17,28,18.0,99.2,103.6,-4.4,5.6,0.66,6.8,4.4,20.2,12.5,10.3,41.0,45.1,21.2,94.10,6.3,"1,586"
309,Robert Horry,SAS,37,45,26,19,12.9,97.8,97.5,0.3,13.2,2.14,23.4,5.9,13.8,9.7,10.9,39.5,42.6,12.2,90.86,6.4,"1,109"
309,Walter Herrmann,DET,29,45,27,18,8.3,97.7,100.3,-2.6,8.5,1.50,9.7,5.7,13.3,9.5,6.5,45.8,49.4,19.4,95.31,11.1,742
312,Austin Croshere,GSW,33,44,26,18,10.4,103.8,103.3,0.4,10.0,1.36,14.9,6.5,15.1,10.7,10.9,52.6,57.3,15.7,100.65,8.8,958
312,Dorell Wright,MIA,22,44,7,37,25.1,99.8,107.1,-7.3,8.7,2.07,14.5,4.6,16.4,10.5,7.0,49.5,53.7,14.6,93.25,10.3,"2,145"
312,J.J. Barea,DAL,24,44,27,17,10.5,103.0,97.2,5.8,21.6,1.66,20.9,0.9,9.7,5.2,12.6,47.9,51.5,21.4,94.16,8.6,903
312,Jake Voskuhl,MIL,30,44,9,35,8.8,96.6,105.1,-8.5,5.3,0.45,9.6,7.4,17.9,12.4,21.3,46.3,52.8,13.6,96.65,4.3,770
316,Alexander Johnson,MIA,25,43,4,39,12.8,98.3,111.5,-13.2,4.5,0.31,6.0,6.4,13.1,9.7,19.3,48.8,55.4,17.7,89.84,4.5,"1,034"
317,Carl Landry,HOU,24,42,32,10,16.9,107.7,101.9,5.8,5.0,0.81,6.8,13.4,16.1,14.8,8.4,61.6,64.1,18.0,92.57,13.1,"1,380"
317,DJ Mbenga,LAL,27,42,32,10,7.8,103.2,103.9,-0.6,4.4,0.83,9.0,7.9,13.2,10.5,10.8,46.4,46.5,13.2,99.57,3.3,677
317,Flip Murray,IND,28,42,26,16,20.8,105.7,107.9,-2.2,26.6,1.71,22.5,2.6,6.4,4.6,13.1,44.7,48.3,24.6,96.98,8.9,"1,765"
317,Jermaine O'Neal,IND,29,42,19,23,28.7,99.4,100.9,-1.6,13.0,0.88,11.8,6.5,16.8,11.5,13.5,43.9,48.9,24.6,99.24,9.8,"2,488"
321,Kevin Ollie,PHI,35,40,20,20,7.5,105.3,97.8,7.5,17.7,7.60,31.9,1.3,5.5,3.2,4.2,42.0,46.3,11.3,95.67,6.1,599
322,Dikembe Mutombo,HOU,42,39,26,13,15.9,102.0,97.2,4.8,1.2,0.29,4.0,10.5,20.2,15.4,13.7,53.8,59.1,8.6,91.03,10.4,"1,172"
322,Jamaal Tinsley,IND,30,39,16,23,33.2,104.0,103.9,0.1,36.8,2.51,33.9,1.8,9.0,5.3,13.5,42.3,45.8,20.8,100.88,9.5,"2,719"
322,Mickael Gelabale,SEA,25,39,8,31,11.9,98.3,101.4,-3.0,11.3,1.22,14.7,3.3,8.5,5.9,12.1,49.0,50.9,17.4,98.69,7.4,952
322,Raef LaFrentz,POR,32,39,18,21,7.5,96.9,101.0,-4.2,3.3,0.60,7.1,9.6,12.8,11.3,11.9,44.3,46.9,11.9,95.40,3.9,577
322,Randy Foye,MIN,24,39,14,25,32.3,103.9,109.7,-5.8,20.2,2.08,22.4,1.1,9.9,5.4,10.8,49.5,52.0,20.3,94.21,8.3,"2,471"
327,Brandan Wright,GSW,20,38,22,16,9.9,103.1,105.2,-2.1,3.5,0.69,6.0,9.2,15.0,12.1,8.7,55.4,58.3,15.8,100.61,10.6,782
327,Jermareo Davidson,CHA,23,38,12,26,8.5,96.0,106.6,-10.6,7.7,0.76,7.7,6.2,12.8,9.4,10.1,40.8,43.7,21.4,94.11,5.2,629
327,Joey Graham,TOR,26,38,23,15,8.7,103.2,104.5,-1.2,7.1,0.65,8.7,5.8,16.3,11.0,13.3,44.2,52.0,21.6,94.22,6.5,648
327,Kwame Brown,MEM,26,38,18,20,18.8,97.4,101.8,-4.4,9.9,0.88,15.8,7.2,18.3,12.9,18.0,50.7,49.7,14.8,97.46,7.0,"1,447"
331,Brian Cardinal,MEM,31,37,7,30,11.9,102.6,101.1,1.5,7.4,0.96,12.3,5.5,15.7,10.5,12.8,44.0,46.1,15.1,100.25,4.4,917
332,Earl Boykins,CHA,32,36,14,22,16.0,100.9,109.0,-8.1,27.0,2.34,28.7,1.6,4.5,3.0,12.2,39.5,46.7,18.3,94.55,7.3,"1,138"
332,Kirk Snyder,MIN,25,36,14,22,21.1,106.6,109.5,-2.9,12.2,1.23,18.7,4.1,13.4,8.7,15.2,52.1,57.3,16.4,94.75,8.5,"1,501"
332,Marcus Banks,MIA,26,36,21,15,15.8,101.8,109.7,-7.8,17.9,1.65,20.1,0.7,7.0,4.0,12.2,55.5,57.9,19.4,96.82,7.5,"1,148"
335,Adrian Griffin,SEA,33,35,10,25,8.8,96.2,93.0,3.2,13.4,1.29,21.3,8.7,10.5,9.6,16.5,39.5,40.6,14.1,95.31,6.3,605
335,Andrew Bynum,LAL,20,35,24,11,28.8,112.9,101.5,11.4,9.1,1.17,13.3,10.8,23.2,17.3,11.4,63.6,65.9,16.8,98.95,15.4,"2,079"
335,Oleksiy Pecherov,WAS,22,35,18,17,9.1,100.0,111.8,-11.8,3.8,0.41,4.3,6.5,15.0,10.6,10.4,42.0,45.1,22.3,91.86,5.4,614
335,Salim Stoudamire,ATL,25,35,12,23,11.5,102.4,106.9,-4.5,12.3,1.33,11.2,1.0,5.0,2.9,8.4,44.2,49.5,23.3,95.62,6.0,804
335,Solomon Jones,ATL,23,35,13,22,4.1,96.8,111.9,-15.2,0.0,0.00,0.0,10.7,15.4,12.8,21.6,40.0,45.1,13.5,101.07,1.5,309
335,Steve Novak,HOU,25,35,27,8,7.5,99.4,105.3,-5.8,4.3,1.50,5.3,1.5,12.1,6.7,3.5,64.7,65.1,18.2,93.92,12.2,520
335,Trevor Ariza,LAL,23,35,27,8,15.6,101.0,99.4,1.6,12.5,1.91,18.6,5.6,13.3,9.6,9.7,52.6,56.8,15.0,99.78,11.4,"1,135"
335,Wilson Chandler,NYK,21,35,8,27,19.6,102.0,107.4,-5.4,7.4,1.22,10.1,5.0,13.3,8.9,8.3,45.7,48.0,18.3,97.22,6.6,"1,378"
343,JJ Redick,ORL,24,34,22,12,8.1,107.9,111.0,-3.1,9.4,1.07,10.4,0.3,7.9,4.0,9.7,52.3,56.9,21.0,98.48,7.2,568
344,Andre Brown,MEM,27,33,8,25,8.7,103.7,113.3,-9.6,4.5,0.57,6.6,11.3,19.6,15.1,11.5,50.0,50.2,16.7,99.08,6.9,589
344,DJ Strawberry,PHX,23,33,23,10,8.2,97.3,105.6,-8.3,16.5,2.73,21.3,3.2,6.5,4.9,7.8,34.8,36.4,17.8,98.76,2.3,560
344,Marco Belinelli,GSW,22,33,15,18,7.3,96.7,104.8,-8.1,9.9,1.25,12.2,1.0,4.4,2.6,9.8,47.3,49.0,17.9,103.36,4.9,519
347,C.J. Watson,GSW,24,32,20,12,11.5,105.1,105.1,-0.1,13.9,1.94,21.0,3.2,4.9,4.0,10.8,47.0,51.9,14.8,99.94,7.0,771
348,Andre Owens,IND,27,31,12,19,12.6,99.3,100.5,-1.2,18.0,1.96,24.4,3.3,8.1,5.8,12.4,45.8,50.4,15.9,98.88,7.0,805
348,Brent Barry,SAS,36,31,22,9,17.9,108.0,103.8,4.2,15.0,3.00,22.5,2.2,8.3,5.2,7.5,63.1,65.5,15.0,94.42,10.0,"1,098"
348,Calvin Booth,PHI,32,31,13,18,6.6,92.2,93.1,-0.9,6.0,2.00,18.2,2.8,15.8,9.1,9.1,33.3,38.2,7.5,98.84,3.7,422
348,Greg Buckner,MIN,31,31,5,26,16.8,100.9,114.7,-13.9,10.9,1.34,20.1,1.9,12.5,6.6,14.9,44.9,48.9,13.0,94.10,4.6,"1,020"
348,Jamaal Magloire,DAL,30,31,16,15,9.2,94.8,97.3,-2.5,4.3,0.23,6.2,7.7,23.8,16.5,26.5,32.7,37.7,17.0,93.97,1.0,561
348,Pat Garrity,ORL,31,31,24,7,9.2,95.4,95.7,-0.3,8.0,0.76,11.6,3.1,10.8,7.1,15.2,38.8,40.1,15.7,94.76,2.4,563
354,Aaron Williams,LAC,36,30,9,21,9.9,94.2,108.2,-14.0,5.2,0.69,10.7,5.2,15.9,10.5,15.5,49.1,54.0,11.5,95.53,6.4,583
354,Gerald Green,HOU,22,30,5,25,12.0,94.7,99.7,-5.0,13.8,0.91,12.6,3.2,13.4,8.1,13.9,39.4,45.3,24.1,96.24,5.9,721
354,Ike Diogu,IND,24,30,12,18,10.2,98.3,106.6,-8.2,5.7,0.50,5.4,10.9,14.0,12.4,10.8,47.8,54.3,23.2,103.55,11.1,659
357,Von Wafer,POR,22,29,16,13,5.3,97.2,98.1,-1.0,7.9,0.54,8.1,0.7,10.5,5.9,15.1,31.1,34.7,22.1,99.85,1.5,319
358,Derek Anderson,CHA,33,28,3,25,14.1,91.3,104.2,-13.0,21.5,1.76,20.9,2.1,11.3,6.5,11.8,45.2,49.7,18.5,94.57,7.4,778
358,Smush Parker,LAC,27,28,3,25,21.2,96.3,103.7,-7.3,24.9,1.91,25.8,0.7,7.8,4.3,13.5,39.7,42.0,18.5,93.82,5.3,"1,149"
360,Jeremy Richardson,ATL,24,27,12,15,4.9,90.7,111.6,-20.9,2.8,0.33,3.8,0.7,6.8,3.5,11.3,44.3,45.7,16.7,97.82,1.8,269
361,Awvee Storey,MIL,31,26,4,22,9.9,98.6,107.7,-9.0,10.2,1.60,12.5,10.8,9.4,10.2,7.8,43.8,45.2,17.9,96.00,4.6,512
361,Donyell Marshall,SEA,35,26,6,20,13.1,102.3,115.9,-13.6,4.4,0.67,7.5,6.8,15.9,11.1,11.3,40.3,45.5,16.1,94.35,5.7,662
361,Maurice Ager,NJN,24,26,14,12,6.3,95.5,105.3,-9.7,8.5,1.33,9.5,2.4,5.5,3.9,7.1,34.6,36.3,20.7,98.71,-0.5,337
361,Nick Fazekas,LAC,23,26,5,21,10.3,100.0,94.9,5.1,7.4,0.85,9.6,12.6,19.4,16.1,11.3,56.1,58.4,17.5,93.08,15.5,515
361,Theo Ratliff,DET,35,26,13,13,16.8,100.1,100.1,0.0,5.0,0.67,10.0,7.6,13.9,10.7,15.0,48.2,53.4,13.2,89.80,6.9,819
366,Alonzo Mourning,MIA,38,25,7,18,15.6,95.6,99.2,-3.7,3.2,0.28,4.3,9.0,14.2,11.7,15.3,54.7,58.0,17.7,97.01,8.8,789
366,Dahntay Jones,SAC,27,25,11,14,8.2,94.4,95.4,-1.0,10.3,1.20,12.2,3.4,12.8,8.2,10.2,44.3,53.7,18.1,99.98,9.3,425
366,James Augustine,ORL,24,25,16,9,6.0,99.0,98.0,1.0,2.3,0.33,4.4,10.1,10.1,10.1,13.3,52.9,53.3,12.0,97.73,5.8,306
369,Chucky Atkins,DEN,33,24,15,9,14.7,102.8,106.2,-3.4,21.2,4.70,25.7,0.8,7.5,4.1,5.5,44.7,44.9,16.1,102.11,5.9,754
369,Joel Anthony,MIA,25,24,5,19,20.8,94.8,109.3,-14.5,1.1,0.18,2.9,7.9,11.5,9.7,16.7,46.7,52.1,9.6,87.88,4.4,911
369,Lindsey Hunter,DET,37,24,21,3,9.0,102.6,97.2,5.4,23.7,2.54,28.9,2.0,4.5,3.2,11.4,39.8,42.7,17.6,87.41,4.8,390
369,Michael Doleac,MIN,31,24,5,19,10.7,98.0,102.2,-4.1,4.1,0.58,8.4,5.8,13.3,9.4,14.5,44.4,44.6,12.8,94.39,3.4,501
369,Patrick O'Bryant,GSW,22,24,12,12,4.1,106.2,119.1,-12.9,5.6,0.57,9.5,9.6,18.3,13.9,16.7,55.2,56.1,15.2,108.74,5.2,225
369,Stephon Marbury,NYK,31,24,6,18,33.5,99.4,109.5,-10.1,24.4,2.35,23.7,2.0,5.4,3.7,10.1,47.2,52.7,19.8,93.88,8.8,"1,573"
375,Chris Mihm,LAL,28,23,14,9,12.1,102.1,105.0,-2.9,7.1,0.76,9.5,9.9,15.8,13.0,12.4,33.7,38.4,19.0,99.41,3.9,574
375,Justin Williams,HOU,24,23,11,12,5.3,89.8,92.3,-2.5,0.0,0.00,0.0,15.2,24.6,19.6,8.7,44.8,42.0,15.5,100.27,8.0,254
375,Kenny Thomas,SAC,30,23,8,15,12.2,91.8,108.0,-16.2,7.4,0.62,17.6,6.2,16.9,11.2,28.4,42.1,39.8,9.4,94.75,2.2,559
378,Eric Snow,CLE,35,22,10,12,13.9,90.8,102.5,-11.8,21.3,4.20,41.6,1.3,5.3,3.2,9.9,15.8,23.1,8.7,93.68,1.1,595
378,Othella Harrington,CHA,34,22,8,14,7.6,98.5,90.8,7.7,3.7,0.36,6.2,6.9,18.5,12.8,16.9,42.9,46.9,16.2,96.62,3.2,331
378,Paul Davis,LAC,23,22,8,14,8.8,86.4,106.0,-19.6,10.3,1.11,11.4,11.2,11.7,11.4,10.2,36.9,38.9,17.5,93.76,4.0,376
378,Scot Pollard,BOS,33,22,17,5,7.9,103.5,99.4,4.1,2.7,0.60,7.3,9.1,13.1,11.2,12.2,52.2,59.7,10.0,94.12,2.5,339
378,Stephen Graham,IND,26,22,6,16,5.8,101.1,97.5,3.6,12.7,0.90,10.7,2.7,13.7,7.8,11.9,64.7,66.9,23.4,104.40,16.1,278
383,Shannon Brown,CHI,22,21,5,16,11.4,91.2,108.0,-16.8,16.0,0.71,9.5,2.3,6.5,4.3,13.4,38.5,41.1,30.2,91.76,2.0,457
384,Mark Madsen,MIN,32,20,6,14,7.6,88.4,88.9,-0.6,4.1,0.44,10.5,10.8,14.0,12.3,23.7,15.8,18.5,9.6,94.99,-3.4,301
384,Ruben Patterson,LAC,32,20,8,12,16.3,100.3,103.9,-3.6,8.7,0.63,11.4,7.4,11.4,9.5,18.1,45.3,48.6,17.5,97.85,5.9,662
386,Sean Marks,PHX,32,19,16,3,6.8,86.1,112.6,-26.6,6.3,0.50,6.3,6.6,16.4,12.0,12.5,54.7,57.4,20.7,97.44,10.6,266
386,Steven Hunter,DEN,26,19,13,6,6.3,94.9,104.3,-9.4,0.0,0.00,0.0,7.6,11.6,9.8,15.9,53.6,53.0,14.9,102.66,3.7,257
388,Darius Washington,SAS,22,18,13,5,8.1,104.3,103.6,0.7,16.1,1.07,18.1,3.1,11.4,7.4,16.9,47.9,49.3,20.5,99.56,5.4,302
388,Lorenzen Wright,SAC,32,18,8,10,8.9,88.9,91.4,-2.4,4.4,1.00,12.5,5.1,16.4,11.1,12.5,28.6,31.7,8.2,92.69,1.2,307
388,P.J. Brown,BOS,38,18,16,2,11.6,96.5,97.5,-1.0,7.8,1.00,14.7,13.2,18.2,15.7,14.7,34.1,40.6,12.2,91.70,7.0,400
388,Randolph Morris,NYK,22,18,4,14,10.0,89.2,119.9,-30.8,1.9,0.22,2.4,6.0,15.2,10.1,11.0,36.2,39.6,19.3,96.33,-0.7,360
392,Coby Karl,LAL,25,17,16,1,4.2,93.9,96.1,-2.2,18.4,1.80,20.5,4.3,12.1,8.7,11.4,42.3,49.3,19.4,107.48,11.3,164
392,Darrick Martin,TOR,37,17,10,7,8.3,106.6,89.7,16.9,21.0,21.00,31.3,2.1,2.7,2.4,1.5,25.6,29.6,14.6,92.18,3.2,272
392,Mike Harris,HOU,25,17,11,6,9.4,101.0,96.7,4.2,3.3,0.33,4.2,14.7,17.6,16.2,12.7,50.0,51.9,18.9,92.30,12.2,307
392,Ramon Sessions,MIL,22,17,2,15,26.4,105.9,110.9,-5.0,40.7,3.53,42.8,1.8,11.8,6.6,12.1,44.9,50.7,16.3,95.99,11.6,899
392,Taurean Green,DEN,21,17,8,9,4.3,110.3,104.4,5.9,20.8,1.22,21.6,0.0,13.3,6.7,17.6,32.0,44.6,22.5,102.14,5.6,155
397,Anfernee Hardaway,MIA,36,16,4,12,20.3,95.4,101.1,-5.8,17.3,2.69,31.3,1.0,10.0,5.6,11.6,43.3,46.9,11.0,91.96,7.5,624
397,Eric Piatkowski,PHX,37,16,15,1,7.0,92.7,107.4,-14.7,14.1,1.67,19.6,1.0,7.5,4.8,11.8,53.0,56.1,16.4,98.63,6.1,232
397,Lou Amundson,PHI,25,16,7,9,4.0,101.6,98.4,3.2,0.0,0.00,0.0,10.4,7.5,9.0,9.5,50.0,47.2,14.0,94.80,0.0,125
397,Nene,DEN,25,16,9,7,16.6,101.3,100.7,0.5,9.3,0.71,11.5,10.1,18.9,14.5,16.2,40.8,45.9,17.6,100.60,6.9,557
397,Stephane Lasme,MIA,25,16,3,13,19.0,96.9,102.7,-5.9,2.0,0.20,2.9,9.0,8.7,8.8,14.4,45.1,48.8,16.2,86.56,5.5,545
402,Gabe Pruitt,BOS,22,15,13,2,6.3,96.3,105.3,-9.0,24.5,2.60,22.4,1.0,7.5,4.2,8.6,39.7,40.1,19.9,95.89,6.0,191
402,Maceo Baston,TOR,32,15,7,8,6.9,98.1,101.0,-2.8,4.8,0.75,8.1,9.4,17.7,13.5,10.8,68.0,69.7,14.5,97.89,10.0,212
402,Mike Wilks,SEA,29,15,6,9,12.5,97.6,99.2,-1.6,12.1,1.56,23.0,2.8,7.9,5.4,14.8,51.4,54.3,11.3,97.32,6.5,376
405,Cedric Simmons,CHI,22,14,7,7,6.2,80.9,101.1,-20.2,0.0,0.00,0.0,5.7,12.1,8.8,24.0,28.6,21.7,11.9,97.41,-2.9,178
405,Demetris Nichols,CHI,23,14,5,9,3.2,79.6,103.2,-23.6,4.5,0.25,3.6,0.0,10.0,5.1,14.3,32.6,32.6,24.8,103.79,-1.7,98
405,Eddie Gill,SEA,29,14,6,8,10.9,80.1,92.8,-12.6,29.7,2.44,33.3,0.6,13.8,7.1,13.6,46.8,54.3,13.1,91.15,13.1,292
405,Luke Jackson,MIA,26,14,1,13,16.3,96.3,100.5,-4.1,13.4,1.89,14.7,3.2,12.6,7.7,7.8,39.4,43.8,20.6,91.53,6.4,435
409,Gilbert Arenas,WAS,26,13,6,7,32.7,104.1,102.8,1.3,28.2,1.35,18.9,1.3,10.7,5.8,14.0,45.4,52.9,28.6,96.83,12.5,855
409,Marcus Vinicius,NOH,24,13,12,1,5.3,92.6,89.9,2.7,4.7,0.67,6.7,1.6,9.5,5.9,10.0,57.5,56.4,17.0,102.80,7.0,148
409,Mouhamed Sene,SEA,22,13,1,12,4.8,99.2,106.0,-6.8,2.8,0.00,3.0,10.4,15.0,12.6,0.0,45.8,47.6,21.3,102.71,7.1,133
412,Blake Ahearn,MIA,24,12,1,11,14.8,83.8,107.3,-23.4,28.8,1.19,17.9,0.6,9.7,5.3,15.1,35.1,49.5,24.3,85.63,8.2,315
413,Billy Thomas,CLE,32,11,7,4,3.8,100.0,110.0,-10.0,0.0,0.00,0.0,0.0,5.3,2.4,18.2,35.3,39.1,21.8,94.61,-3.2,85
413,Kasib Powell,MIA,27,11,3,8,27.7,89.2,102.7,-13.6,12.9,3.60,14.8,2.7,11.9,7.4,4.1,41.1,42.4,16.7,87.10,8.1,554
413,Marcus Williams,LAC,21,11,3,8,3.3,93.2,90.9,2.3,14.3,0.00,13.0,7.5,21.6,13.3,0.0,25.0,25.0,21.7,100.56,5.5,74
413,Tarence Kinsey,MEM,24,11,4,7,8.7,93.5,88.8,4.6,3.8,0.67,4.3,3.2,8.3,5.9,6.5,46.1,49.2,19.3,101.19,7.2,199
417,Richie Frahm,LAC,30,10,2,8,16.3,95.2,93.9,1.3,8.4,1.33,11.6,2.4,6.1,4.2,8.7,43.5,42.8,16.9,92.22,4.1,313
417,Steve Francis,HOU,31,10,5,5,19.9,98.7,100.5,-1.8,23.3,2.14,26.8,3.9,7.8,5.8,12.5,36.8,41.0,18.1,92.48,4.5,385
419,Chris Webber,GSW,35,9,6,3,14.0,100.0,106.0,-6.0,18.8,1.64,27.3,1.7,23.4,13.1,16.7,48.4,48.2,16.2,106.43,7.7,277
419,Darryl Watkins,SAC,23,9,2,7,7.9,93.2,104.7,-11.5,0.0,0.00,0.0,7.1,11.7,9.2,29.2,33.3,34.9,14.3,99.67,-1.6,148
419,Kyrylo Fesenko,UTA,21,9,4,5,7.8,93.1,90.6,2.5,4.8,0.25,7.1,17.9,16.4,17.2,28.6,37.5,39.4,14.6,100.30,-2.2,144
419,Morris Almond,UTA,23,9,9,0,4.4,89.2,106.1,-16.9,13.0,1.50,13.0,0.0,6.3,2.9,8.7,30.0,36.8,20.8,101.03,-0.7,83
419,Shavlik Randolph,PHI,24,9,3,6,3.1,119.6,94.6,25.0,13.0,1.50,15.8,29.0,7.4,19.0,10.5,28.6,28.6,22.9,97.78,2.9,56
419,Troy Hudson,GSW,32,9,5,4,10.4,101.0,108.1,-7.1,14.8,1.29,18.0,0.0,7.7,3.4,14.0,35.5,41.6,17.5,101.84,4.2,199
419,Viktor Khryapa,CHI,25,9,3,6,11.6,91.5,86.5,5.0,13.8,1.33,15.4,5.4,13.9,9.4,11.5,38.7,43.1,17.7,96.50,7.7,213
426,Elton Brand,LAC,29,8,1,7,34.2,97.4,115.2,-17.8,10.3,0.94,9.6,7.8,15.5,11.7,10.2,45.6,52.3,24.8,95.71,10.8,546
426,Josh McRoberts,POR,21,8,3,5,3.5,93.5,69.4,24.2,11.1,1.00,14.3,6.5,25.0,15.9,14.3,60.0,60.0,17.1,105.81,22.2,62
426,Linton Johnson,TOR,28,8,3,5,7.9,100.0,111.0,-11.0,11.1,0.80,13.8,8.3,15.8,12.0,17.2,50.0,52.8,17.6,97.42,4.9,129
426,Robert Swift,SEA,22,8,1,7,12.2,98.1,117.5,-19.3,1.4,0.10,3.4,6.9,13.0,10.1,34.5,35.3,39.1,12.1,103.91,0.3,211
430,Jorge Garbajosa,TOR,30,7,4,3,10.5,98.6,107.0,-8.4,6.7,3.00,10.3,2.5,22.0,10.9,3.4,44.0,44.0,16.1,93.33,8.3,144
430,Kosta Perovic,GSW,23,7,4,3,5.4,89.0,84.1,4.9,4.5,1.00,6.7,12.2,16.3,14.1,6.7,30.0,39.6,14.6,103.72,5.9,82
430,Loren Woods,HOU,30,7,4,3,2.4,112.1,87.5,24.6,16.7,0.00,28.6,0.0,5.9,3.1,0.0,60.0,60.0,13.5,92.24,6.8,33
430,Orien Greene,SAC,26,7,2,5,8.7,82.1,95.3,-13.2,8.3,0.43,14.3,0.0,9.8,5.0,33.3,27.3,27.3,13.2,98.84,-3.1,123
434,Alando Tucker,PHX,24,6,6,0,8.0,89.7,100.0,-10.3,0.0,0.00,0.0,8.3,6.3,7.1,0.0,38.6,44.6,23.4,95.07,7.9,97
434,Guillermo Diaz,LAC,23,6,2,4,3.0,116.2,105.4,10.8,7.1,0.00,14.3,10.5,0.0,4.9,0.0,25.0,40.3,14.3,98.77,3.0,37
434,Ian Mahinmi,SAS,21,6,6,0,3.8,93.5,123.9,-30.4,12.5,0.50,5.3,0.0,20.0,11.9,10.5,50.0,65.8,36.0,97.90,21.1,46
434,Jelani McCoy,DEN,30,6,2,4,5.5,98.5,114.3,-15.8,0.0,0.00,0.0,3.6,17.6,11.3,66.7,100.0,79.8,8.2,98.79,0.0,67
434,Marcin Gortat,ORL,24,6,6,0,6.8,102.5,106.6,-4.0,8.0,1.00,9.1,17.8,23.5,20.3,9.1,47.1,49.1,20.8,91.46,12.5,79
434,Shareef Abdur-Rahim,SAC,31,6,2,4,8.4,98.0,100.0,-2.0,12.9,4.00,19.0,12.2,10.8,11.6,4.8,21.4,31.7,15.3,93.04,0.7,99
440,Chris Andersen,NOH,29,5,4,1,6.8,108.8,104.5,4.3,0.0,0.00,0.0,5.3,21.2,12.7,11.1,28.6,34.2,11.1,94.16,1.7,68
440,DerMarr Johnson,SAS,28,5,3,2,5.5,94.3,102.0,-7.6,7.7,0.00,6.3,0.0,4.0,1.8,0.0,60.7,57.1,26.3,90.71,7.5,53
440,Kaniel Dickens,CLE,29,5,4,1,2.4,87.5,100.0,-12.5,16.7,0.00,25.0,0.0,10.0,5.0,0.0,33.3,33.3,10.3,93.88,5.3,24
440,Ronald Dupree,SEA,27,5,1,4,4.2,92.3,76.9,15.4,10.0,0.00,20.0,6.3,29.2,20.0,0.0,33.3,51.5,9.3,89.99,22.8,39
444,Andre Barrett,LAC,26,4,0,4,6.3,89.8,115.1,-25.3,58.3,7.00,50.0,0.0,4.2,1.9,7.1,50.0,51.0,12.1,96.79,9.4,49
444,Cheikh Samb,DET,23,4,2,2,7.8,115.3,106.6,8.7,0.0,0.00,0.0,13.0,11.4,12.1,16.7,75.0,71.7,9.1,91.93,3.8,59
444,Thomas Gardner,CHI,23,4,1,3,11.2,89.6,97.9,-8.4,3.8,0.25,3.4,5.8,2.2,4.1,13.8,45.7,44.0,25.0,103.55,0.3,96
447,Courtney Sims,IND,24,3,2,1,3.7,88.5,85.7,2.7,14.3,0.00,50.0,6.7,8.3,7.4,0.0,0.0,0.0,3.1,116.41,-1.7,26
447,Lance Allred,CLE,27,3,0,3,3.4,61.1,133.3,-72.2,0.0,0.00,0.0,0.0,16.7,4.8,0.0,25.0,30.7,21.7,85.70,-3.2,18
449,Bo Outlaw,ORL,37,2,2,0,3.3,78.6,115.4,-36.8,0.0,0.00,0.0,0.0,0.0,0.0,25.0,66.7,66.7,26.7,97.93,6.9,14
449,Jerome James,NYK,32,2,0,2,2.3,72.7,18.2,54.5,0.0,0.00,0.0,0.0,50.0,30.0,0.0,100.0,106.4,18.2,115.62,107.7,11
449,Keith Langford,SAS,24,2,1,1,4.8,95.0,66.7,28.3,0.0,0.00,0.0,0.0,15.4,7.4,0.0,25.0,25.0,16.7,95.00,0.0,20
